Produto	Agricultura, inclusive o apoio à agricultura e a pós-colheita	Pecuária, inclusive o apoio à pecuária	Produção florestal; pesca e aquicultura	Extração de carvão mineral e de minerais não-metálicos	Extração de petróleo e gás, inclusive as atividades de apoio	Extração de minério de ferro, inclusive beneficiamentos e a aglomeração	Extração de minerais metálicos não-ferrosos, inclusive beneficiamentos	Abate e produtos de carne, inclusive os produtos do laticínio e da pesca	Fabricação e refino de açúcar	Outros produtos alimentares	Fabricação de bebidas	Fabricação de produtos do fumo	Fabricação de produtos têxteis	Confecção de artefatos do vestuário e acessórios	Fabricação de calçados e de artefatos de couro	Fabricação de produtos da madeira	Fabricação de celulose, papel e produtos de papel	Impressão e reprodução de gravações	Refino de petróleo e coquerias	Fabricação de biocombustíveis	Fabricação de químicos orgânicos e inorgânicos, resinas e elastômeros	Fabricação de defensivos, desinfestantes, tintas e químicos diversos	Fabricação de produtos de limpeza, cosméticos/perfumaria e higiene pessoal	Fabricação de produtos farmoquímicos e farmacêuticos	Fabricação de produtos de borracha e de material plástico	Fabricação de produtos de minerais não-metálicos	Produção de ferro-gusa/ferroligas, siderurgia e tubos de aço sem costura	Metalurgia de metais não-ferosos e a fundição de metais	Fabricação de produtos de metal, exceto máquinas e equipamentos	Fabricação de equipamentos de informática, produtos eletrônicos e ópticos	Fabricação de máquinas e equipamentos elétricos	Fabricação de máquinas e equipamentos mecânicos	Fabricação de automóveis, caminhões e ônibus, exceto peças	Fabricação de peças e acessórios para veículos automotores	Fabricação de outros equipamentos de transporte, exceto veículos automotores	Fabricação de móveis e de produtos de indústrias diversas	Manutenção, reparação e instalação de máquinas e equipamentos	Energia elétrica, gás natural e outras utilidades	Água, esgoto e gestão de resíduos	Construção	Comércio por atacado e varejo	Transporte terrestre	Transporte aquaviário	Transporte aéreo	Armazenamento, atividades auxiliares dos transportes e correio	Alojamento	Alimentação	Edição e edição integrada à impressão	Atividades de televisão, rádio, cinema e  gravação/edição de som e imagem	Telecomunicações	Desenvolvimento de sistemas e outros serviços de informação	Intermediação financeira, seguros e previdência complementar	Atividades imobiliárias	Atividades jurídicas, contábeis, consultoria e sedes de empresas 	Serviços de arquitetura, engenharia, testes/análises técnicas e P & D	Outras atividades profissionais, científicas e técnicas	Aluguéis não-imobiliários e gestão de ativos de propriedade intelectual	Outras atividades administrativas e serviços complementares	Atividades de vigilância, segurança e investigação	Administração pública, defesa e seguridade social	Educação pública	Educação privada	Saúde pública	Saúde privada	Atividades artísticas, criativas e de espetáculos	Organizações associativas e outros serviços pessoais	Serviços domésticos
Agricultura, inclusive o apoio à agricultura e a pós-colheita	 1,031136	 0,058112	 0,013290	 0,007485	 0,002882	 0,002434	 0,005526	 0,078246	 0,492289	 0,284686	 0,052217	 0,361847	 0,104843	 0,026926	 0,016536	 0,009387	 0,009265	 0,003555	 0,035084	 0,454042	 0,007409	 0,014700	 0,023736	 0,007828	 0,005968	 0,004998	 0,004053	 0,005246	 0,003276	 0,002202	 0,003735	 0,003432	 0,003660	 0,004859	 0,003036	 0,005502	 0,002981	 0,003155	 0,002867	 0,003597	 0,009520	 0,009262	 0,003288	 0,004612	 0,002135	 0,020568	 0,043341	 0,002269	 0,001916	 0,001747	 0,000830	 0,001098	 0,000234	 0,001126	 0,001940	 0,001934	 0,001712	 0,001949	 0,001516	 0,004998	 0,005933	 0,002410	 0,007415	 0,005104	 0,001773	 0,007215	 0,000000
Pecuária, inclusive o apoio à pecuária	 0,003948	 1,044180	 0,007041	 0,000984	 0,000371	 0,000242	 0,000610	 0,400616	 0,004600	 0,022295	 0,002989	 0,020369	 0,003362	 0,001971	 0,031104	 0,008808	 0,003880	 0,000668	 0,000870	 0,011681	 0,001003	 0,001239	 0,011464	 0,000644	 0,001352	 0,001785	 0,000883	 0,001182	 0,000708	 0,000378	 0,000567	 0,000519	 0,000562	 0,000602	 0,000477	 0,001335	 0,000390	 0,000285	 0,000512	 0,001726	 0,000783	 0,000404	 0,000294	 0,001029	 0,000429	 0,017833	 0,028965	 0,000447	 0,000629	 0,000872	 0,000242	 0,000387	 0,000115	 0,000369	 0,000500	 0,000559	 0,000301	 0,000537	 0,000186	 0,002344	 0,003849	 0,001219	 0,003888	 0,002872	 0,000493	 0,003498	 0,000000
Produção florestal; pesca e aquicultura	 0,004341	 0,010410	 1,064856	 0,000876	 0,000500	 0,000453	 0,000781	 0,014272	 0,002434	 0,005335	 0,002268	 0,007262	 0,003743	 0,002085	 0,003695	 0,145915	 0,053409	 0,004526	 0,000519	 0,002798	 0,002382	 0,001391	 0,004014	 0,001393	 0,014874	 0,003319	 0,007493	 0,000941	 0,003068	 0,001632	 0,001779	 0,002075	 0,002279	 0,002607	 0,002019	 0,014696	 0,001072	 0,000713	 0,000835	 0,003391	 0,001242	 0,000653	 0,000691	 0,000755	 0,000602	 0,003861	 0,004270	 0,002327	 0,001355	 0,000513	 0,000383	 0,000395	 0,000183	 0,000607	 0,000660	 0,001182	 0,000885	 0,000831	 0,000204	 0,000679	 0,000979	 0,000629	 0,001118	 0,001303	 0,000546	 0,001074	 0,000000
Extração de carvão mineral e de minerais não-metálicos	 0,004474	 0,005471	 0,001242	 1,020801	 0,004055	 0,000829	 0,001910	 0,003345	 0,003132	 0,004031	 0,003070	 0,002091	 0,003418	 0,001081	 0,002011	 0,001392	 0,003339	 0,001583	 0,002336	 0,008880	 0,024915	 0,008200	 0,004436	 0,001100	 0,004943	 0,068361	 0,008577	 0,011308	 0,003003	 0,000653	 0,003917	 0,001907	 0,002606	 0,003297	 0,002023	 0,002625	 0,001771	 0,007712	 0,009910	 0,018355	 0,000723	 0,000927	 0,000553	 0,000527	 0,000736	 0,001955	 0,001445	 0,000650	 0,000568	 0,000943	 0,000383	 0,000298	 0,000882	 0,000331	 0,000541	 0,000476	 0,000499	 0,000910	 0,000175	 0,000891	 0,000603	 0,000575	 0,001138	 0,000918	 0,000670	 0,000944	 0,000000
Extração de petróleo e gás, inclusive as atividades de apoio	 0,024984	 0,020899	 0,012741	 0,029847	 1,068476	 0,019918	 0,045119	 0,023149	 0,029297	 0,027267	 0,018053	 0,014426	 0,019395	 0,008538	 0,014009	 0,014472	 0,026328	 0,009527	 0,410755	 0,027289	 0,053477	 0,025777	 0,021481	 0,009812	 0,024453	 0,029465	 0,024771	 0,034538	 0,015469	 0,006958	 0,017265	 0,010945	 0,013683	 0,015654	 0,009974	 0,010877	 0,009092	 0,047137	 0,018530	 0,014616	 0,010702	 0,087854	 0,026537	 0,027618	 0,012484	 0,008576	 0,010178	 0,006680	 0,004960	 0,004290	 0,002630	 0,002683	 0,000635	 0,003537	 0,006886	 0,004580	 0,008853	 0,004736	 0,004948	 0,004895	 0,003464	 0,004856	 0,004650	 0,004564	 0,005004	 0,008352	 0,000000
Extração de minério de ferro, inclusive beneficiamentos e a aglomeração	 0,000380	 0,000640	 0,000224	 0,001416	 0,002402	 1,013596	 0,004603	 0,000929	 0,000467	 0,000775	 0,001861	 0,000360	 0,000446	 0,000366	 0,000450	 0,000627	 0,000898	 0,000749	 0,001086	 0,000507	 0,000650	 0,000976	 0,001177	 0,000392	 0,001695	 0,003340	 0,118366	 0,006190	 0,026265	 0,000875	 0,008050	 0,011988	 0,009155	 0,014266	 0,005769	 0,003425	 0,004886	 0,000906	 0,001354	 0,005301	 0,000613	 0,000925	 0,000668	 0,000342	 0,000428	 0,000467	 0,000550	 0,000388	 0,000271	 0,000407	 0,000216	 0,000135	 0,000079	 0,000186	 0,000533	 0,000250	 0,000898	 0,000373	 0,000167	 0,000327	 0,000199	 0,000259	 0,000395	 0,000324	 0,000385	 0,000332	 0,000000
Extração de minerais metálicos não-ferrosos, inclusive beneficiamentos	 0,000353	 0,000349	 0,000140	 0,000741	 0,000960	 0,000527	 1,045410	 0,000622	 0,000367	 0,000687	 0,000703	 0,000296	 0,000396	 0,000307	 0,000366	 0,000370	 0,001103	 0,002079	 0,000465	 0,000423	 0,001087	 0,001200	 0,000737	 0,000294	 0,000765	 0,001502	 0,017882	 0,135961	 0,005994	 0,000785	 0,012831	 0,004448	 0,003923	 0,010625	 0,004206	 0,003358	 0,004924	 0,000601	 0,000942	 0,001921	 0,000464	 0,000610	 0,000522	 0,000229	 0,000312	 0,000314	 0,000298	 0,000461	 0,000234	 0,000294	 0,000159	 0,000112	 0,000060	 0,000177	 0,000245	 0,000270	 0,000385	 0,000258	 0,000103	 0,000169	 0,000131	 0,000198	 0,000266	 0,000337	 0,000376	 0,000277	 0,000000
Abate e produtos de carne, inclusive os produtos do laticínio e da pesca	 0,001253	 0,024024	 0,003942	 0,000675	 0,000315	 0,000244	 0,000471	 1,102460	 0,000948	 0,010444	 0,001965	 0,001156	 0,000612	 0,000439	 0,083289	 0,001046	 0,000873	 0,000471	 0,000924	 0,016347	 0,000664	 0,001240	 0,028740	 0,000751	 0,000604	 0,000495	 0,000462	 0,000544	 0,000887	 0,000374	 0,000485	 0,000500	 0,000533	 0,000447	 0,000394	 0,000494	 0,000416	 0,000335	 0,000280	 0,000375	 0,000638	 0,000438	 0,000320	 0,001793	 0,000339	 0,019366	 0,060413	 0,000386	 0,000898	 0,000480	 0,000252	 0,000501	 0,000046	 0,000541	 0,000396	 0,000693	 0,000331	 0,000662	 0,000273	 0,004612	 0,008295	 0,002460	 0,007912	 0,005056	 0,000734	 0,006275	 0,000000
Fabricação e refino de açúcar	 0,003171	 0,004406	 0,001638	 0,003833	 0,002021	 0,001712	 0,003999	 0,006500	 1,038514	 0,022758	 0,018449	 0,001759	 0,002020	 0,000920	 0,001806	 0,001715	 0,002590	 0,001638	 0,031939	 0,026458	 0,004938	 0,013358	 0,014073	 0,005546	 0,002686	 0,002809	 0,002265	 0,002988	 0,001574	 0,000797	 0,001744	 0,001786	 0,001459	 0,001509	 0,001128	 0,001233	 0,001684	 0,003243	 0,001593	 0,001606	 0,001246	 0,007563	 0,002311	 0,002476	 0,001343	 0,001908	 0,007595	 0,000868	 0,000685	 0,000533	 0,000315	 0,000366	 0,000091	 0,000431	 0,000934	 0,000667	 0,000848	 0,000769	 0,000973	 0,001291	 0,001127	 0,000731	 0,001471	 0,001099	 0,000711	 0,001600	 0,000000
Outros produtos alimentares	 0,010692	 0,074610	 0,019750	 0,008965	 0,001371	 0,001373	 0,002777	 0,106085	 0,006788	 1,111912	 0,041272	 0,006998	 0,004145	 0,002425	 0,011562	 0,005916	 0,012847	 0,003963	 0,005973	 0,069130	 0,006174	 0,015560	 0,028853	 0,003839	 0,004506	 0,003522	 0,002714	 0,003125	 0,002741	 0,002038	 0,002940	 0,002833	 0,002656	 0,002687	 0,002454	 0,003127	 0,002582	 0,001079	 0,001585	 0,002253	 0,004181	 0,002574	 0,001322	 0,003626	 0,001199	 0,016297	 0,056859	 0,002200	 0,001680	 0,001419	 0,000714	 0,001257	 0,000218	 0,001175	 0,001312	 0,001941	 0,001242	 0,001346	 0,000567	 0,004169	 0,008560	 0,003012	 0,013013	 0,006608	 0,002181	 0,009031	 0,000000
Fabricação de bebidas	 0,000213	 0,000308	 0,000142	 0,000381	 0,000422	 0,000294	 0,000541	 0,002938	 0,000314	 0,000628	 1,135232	 0,000361	 0,000359	 0,000286	 0,000537	 0,000312	 0,000433	 0,000436	 0,000485	 0,000387	 0,000440	 0,000669	 0,000643	 0,000771	 0,000436	 0,000387	 0,000499	 0,000553	 0,000567	 0,000388	 0,000561	 0,000872	 0,000689	 0,000487	 0,000528	 0,000367	 0,000792	 0,000377	 0,000297	 0,000409	 0,000405	 0,000362	 0,000368	 0,003989	 0,000397	 0,023243	 0,132754	 0,000405	 0,001399	 0,000594	 0,000317	 0,001233	 0,000072	 0,000905	 0,000327	 0,000947	 0,000311	 0,000840	 0,000181	 0,002233	 0,001501	 0,000733	 0,004170	 0,003342	 0,001277	 0,007884	 0,000000
Fabricação de produtos do fumo	 0,000012	 0,000016	 0,000006	 0,000012	 0,000007	 0,000009	 0,000015	 0,000030	 0,000012	 0,000031	 0,000019	 1,104247	 0,000026	 0,000023	 0,000030	 0,000025	 0,000070	 0,000046	 0,000006	 0,000014	 0,000016	 0,000023	 0,000042	 0,000026	 0,000029	 0,000029	 0,000019	 0,000026	 0,000022	 0,000027	 0,000027	 0,000025	 0,000026	 0,000027	 0,000022	 0,000026	 0,000019	 0,000006	 0,000009	 0,000015	 0,000009	 0,000013	 0,000009	 0,000007	 0,000007	 0,000012	 0,000017	 0,000030	 0,000009	 0,000009	 0,000006	 0,000004	 0,000001	 0,000007	 0,000028	 0,000014	 0,000013	 0,000008	 0,000003	 0,000004	 0,000006	 0,000010	 0,000010	 0,000017	 0,000007	 0,000008	 0,000000
Fabricação de produtos têxteis	 0,003659	 0,000996	 0,000512	 0,012920	 0,001382	 0,000479	 0,001152	 0,001354	 0,004904	 0,003095	 0,001614	 0,001815	 1,234164	 0,249568	 0,089937	 0,001024	 0,003135	 0,001516	 0,000890	 0,002227	 0,001346	 0,002150	 0,001943	 0,003455	 0,010289	 0,002420	 0,000933	 0,001015	 0,001701	 0,000847	 0,001909	 0,001301	 0,006238	 0,020376	 0,004354	 0,023274	 0,001105	 0,000900	 0,001621	 0,002186	 0,001105	 0,001806	 0,002091	 0,002662	 0,000940	 0,015076	 0,001888	 0,000802	 0,001911	 0,000759	 0,000389	 0,000846	 0,000117	 0,000417	 0,001408	 0,001268	 0,000839	 0,000749	 0,002096	 0,000837	 0,001647	 0,000563	 0,001292	 0,001790	 0,001643	 0,006372	 0,000000
Confecção de artefatos do vestuário e acessórios	 0,000372	 0,000368	 0,000820	 0,000997	 0,001165	 0,000380	 0,000640	 0,000668	 0,000604	 0,000733	 0,000767	 0,000588	 0,003191	 1,041924	 0,003467	 0,000531	 0,000705	 0,000474	 0,000604	 0,000540	 0,000569	 0,000778	 0,000656	 0,000571	 0,000621	 0,000922	 0,000800	 0,000701	 0,001316	 0,000503	 0,000679	 0,000782	 0,000805	 0,001106	 0,000616	 0,000941	 0,000596	 0,001226	 0,003297	 0,000556	 0,000868	 0,001344	 0,001465	 0,008297	 0,002060	 0,005950	 0,001503	 0,000513	 0,004912	 0,001288	 0,000404	 0,002507	 0,000183	 0,000414	 0,003405	 0,002571	 0,000426	 0,001389	 0,007461	 0,001847	 0,004338	 0,000623	 0,001039	 0,000847	 0,003951	 0,009370	 0,000000
Fabricação de calçados e de artefatos de couro	 0,000128	 0,000203	 0,000063	 0,000533	 0,000118	 0,000100	 0,000182	 0,000304	 0,000115	 0,000328	 0,000240	 0,000175	 0,000347	 0,000531	 1,176253	 0,000212	 0,000740	 0,000244	 0,000079	 0,000195	 0,000226	 0,000465	 0,000418	 0,000183	 0,000496	 0,000315	 0,000203	 0,000210	 0,000626	 0,000136	 0,000264	 0,000246	 0,000316	 0,000362	 0,000234	 0,000487	 0,000218	 0,000888	 0,000178	 0,000244	 0,000097	 0,000126	 0,000095	 0,000151	 0,000109	 0,000240	 0,000183	 0,000135	 0,001244	 0,000114	 0,000089	 0,000075	 0,000013	 0,000061	 0,000129	 0,000530	 0,000113	 0,000116	 0,001784	 0,000104	 0,000102	 0,000105	 0,000148	 0,000196	 0,000121	 0,000137	 0,000000
Fabricação de produtos da madeira	 0,002469	 0,002989	 0,000808	 0,001201	 0,000698	 0,000736	 0,001204	 0,002353	 0,001526	 0,003382	 0,003019	 0,001904	 0,002015	 0,002722	 0,001828	 1,144012	 0,009901	 0,001501	 0,000552	 0,001633	 0,001047	 0,001815	 0,001551	 0,000834	 0,001367	 0,001806	 0,001269	 0,001423	 0,003609	 0,000870	 0,001295	 0,005473	 0,003452	 0,002737	 0,007312	 0,102434	 0,001574	 0,003391	 0,001792	 0,010901	 0,002905	 0,000659	 0,001235	 0,000548	 0,001629	 0,001138	 0,001145	 0,001064	 0,006984	 0,001082	 0,000507	 0,000458	 0,000831	 0,000573	 0,000917	 0,003235	 0,001462	 0,001268	 0,000266	 0,000715	 0,000788	 0,000721	 0,001793	 0,003938	 0,001274	 0,001902	 0,000000
Fabricação de celulose, papel e produtos de papel	 0,004469	 0,006010	 0,002340	 0,004618	 0,002782	 0,003218	 0,005419	 0,023040	 0,004616	 0,023700	 0,011719	 0,075334	 0,024299	 0,017530	 0,030558	 0,026525	 1,186567	 0,080790	 0,002946	 0,006749	 0,004677	 0,008953	 0,056254	 0,022600	 0,027407	 0,030764	 0,004638	 0,004607	 0,016894	 0,025748	 0,012555	 0,006866	 0,010176	 0,015958	 0,006888	 0,020564	 0,004850	 0,002838	 0,004853	 0,006834	 0,009099	 0,003864	 0,008850	 0,004313	 0,005737	 0,014209	 0,010749	 0,045843	 0,007365	 0,004519	 0,005324	 0,005825	 0,001055	 0,009691	 0,008451	 0,014221	 0,011113	 0,011669	 0,002673	 0,003761	 0,005856	 0,007605	 0,004553	 0,008784	 0,005808	 0,007933	 0,000000
Impressão e reprodução de gravações	 0,001127	 0,001548	 0,000842	 0,001866	 0,001337	 0,001239	 0,002123	 0,003194	 0,002046	 0,003593	 0,009073	 0,003654	 0,002532	 0,002624	 0,003493	 0,002351	 0,005766	 1,075396	 0,001254	 0,002098	 0,002031	 0,003029	 0,004110	 0,003609	 0,002897	 0,002627	 0,002271	 0,002401	 0,002317	 0,004756	 0,003174	 0,002640	 0,003608	 0,002611	 0,002372	 0,002743	 0,001801	 0,001894	 0,001642	 0,001724	 0,008660	 0,001844	 0,001808	 0,003347	 0,002606	 0,002871	 0,002848	 0,089756	 0,017945	 0,009666	 0,013602	 0,007350	 0,000970	 0,005241	 0,005635	 0,049477	 0,003867	 0,009597	 0,001134	 0,003677	 0,003217	 0,005034	 0,002717	 0,002528	 0,013372	 0,006261	 0,000000
Refino de petróleo e coquerias	 0,078125	 0,065149	 0,041431	 0,095431	 0,032038	 0,057550	 0,144723	 0,073103	 0,095957	 0,082779	 0,052948	 0,044097	 0,048724	 0,024252	 0,042521	 0,041178	 0,065328	 0,027279	 1,416792	 0,088071	 0,148964	 0,075866	 0,064927	 0,029494	 0,071632	 0,083348	 0,067690	 0,095053	 0,039989	 0,021556	 0,051200	 0,032389	 0,040183	 0,041758	 0,029651	 0,032396	 0,027281	 0,050087	 0,040049	 0,042168	 0,033496	 0,300415	 0,089109	 0,093720	 0,039863	 0,022127	 0,031200	 0,019822	 0,014592	 0,010808	 0,007635	 0,007889	 0,001807	 0,010571	 0,019637	 0,013642	 0,028643	 0,012241	 0,016274	 0,012709	 0,010027	 0,013053	 0,013348	 0,013038	 0,013287	 0,024484	 0,000000
Fabricação de biocombustíveis	 0,003187	 0,003211	 0,001580	 0,003807	 0,002494	 0,001928	 0,004725	 0,003815	 0,009610	 0,006994	 0,004597	 0,001775	 0,001979	 0,000958	 0,001708	 0,001635	 0,002520	 0,001310	 0,043150	 1,011200	 0,005956	 0,007214	 0,018158	 0,007144	 0,002780	 0,002987	 0,002416	 0,003306	 0,001689	 0,000845	 0,001904	 0,001315	 0,001533	 0,001582	 0,001145	 0,001286	 0,001149	 0,002204	 0,001557	 0,001765	 0,001352	 0,010080	 0,002872	 0,003003	 0,001613	 0,001112	 0,002379	 0,000822	 0,000641	 0,000486	 0,000311	 0,000331	 0,000080	 0,000427	 0,001106	 0,000660	 0,001007	 0,000636	 0,001255	 0,001291	 0,000813	 0,000593	 0,001007	 0,000870	 0,000645	 0,001300	 0,000000
Fabricação de químicos orgânicos e inorgânicos, resinas e elastômeros	 0,130908	 0,039473	 0,018135	 0,034083	 0,018338	 0,006249	 0,016218	 0,030303	 0,070686	 0,052343	 0,022683	 0,053603	 0,118854	 0,030189	 0,059267	 0,029432	 0,066904	 0,030158	 0,019479	 0,080570	 1,240854	 0,196372	 0,110142	 0,026360	 0,177652	 0,046471	 0,019724	 0,030345	 0,024723	 0,011262	 0,053514	 0,013205	 0,020975	 0,032865	 0,023388	 0,039197	 0,016849	 0,005739	 0,023909	 0,014843	 0,006712	 0,010019	 0,004658	 0,007399	 0,003663	 0,009395	 0,011863	 0,008663	 0,004094	 0,003231	 0,002042	 0,001833	 0,000997	 0,002816	 0,004125	 0,004669	 0,004658	 0,005332	 0,001507	 0,002854	 0,003482	 0,003232	 0,008102	 0,011658	 0,004928	 0,006873	 0,000000
Fabricação de defensivos, desinfestantes, tintas e químicos diversos	 0,055103	 0,015700	 0,003712	 0,095279	 0,004645	 0,004880	 0,012453	 0,016178	 0,028690	 0,031157	 0,010893	 0,023318	 0,023045	 0,007847	 0,015707	 0,025413	 0,033724	 0,066576	 0,006160	 0,031580	 0,023753	 1,080864	 0,046570	 0,017631	 0,048038	 0,027834	 0,009891	 0,008569	 0,013054	 0,010323	 0,011107	 0,007103	 0,011510	 0,011292	 0,010296	 0,016678	 0,016988	 0,003284	 0,010164	 0,019236	 0,005950	 0,004634	 0,002884	 0,003282	 0,002658	 0,005110	 0,006070	 0,016983	 0,006410	 0,003040	 0,002167	 0,001656	 0,002265	 0,001736	 0,003010	 0,006676	 0,003004	 0,007355	 0,000894	 0,002316	 0,003388	 0,002380	 0,008033	 0,003391	 0,003862	 0,003847	 0,000000
Fabricação de produtos de limpeza, cosméticos/perfumaria e higiene pessoal	 0,002402	 0,001643	 0,000409	 0,002712	 0,001057	 0,001262	 0,002090	 0,002050	 0,001984	 0,002769	 0,001894	 0,001679	 0,002508	 0,001755	 0,001471	 0,001765	 0,002298	 0,001655	 0,001200	 0,002023	 0,002526	 0,005486	 1,026844	 0,001745	 0,002047	 0,002106	 0,001525	 0,002377	 0,004955	 0,001845	 0,001735	 0,001791	 0,001599	 0,001711	 0,001407	 0,001425	 0,001350	 0,000666	 0,001579	 0,001237	 0,002323	 0,001656	 0,001331	 0,000845	 0,001565	 0,003528	 0,001285	 0,001437	 0,001893	 0,002003	 0,000751	 0,000673	 0,000103	 0,001588	 0,002077	 0,002275	 0,002717	 0,007245	 0,000357	 0,000830	 0,001352	 0,002031	 0,001685	 0,004460	 0,004861	 0,005392	 0,000000
Fabricação de produtos farmoquímicos e farmacêuticos	 0,002995	 0,028049	 0,001184	 0,000633	 0,000585	 0,000202	 0,000343	 0,011238	 0,001636	 0,002221	 0,000745	 0,001736	 0,001622	 0,001312	 0,001739	 0,000766	 0,000809	 0,000536	 0,000396	 0,001839	 0,001266	 0,002566	 0,001698	 1,018809	 0,001839	 0,000804	 0,000353	 0,000431	 0,000402	 0,000322	 0,000723	 0,000537	 0,000560	 0,000594	 0,000405	 0,000697	 0,000489	 0,000165	 0,000284	 0,000587	 0,000310	 0,000253	 0,000224	 0,000204	 0,000209	 0,000855	 0,001175	 0,000262	 0,000227	 0,000247	 0,000142	 0,000117	 0,000041	 0,000159	 0,000631	 0,000435	 0,000274	 0,000265	 0,000080	 0,000510	 0,001628	 0,001006	 0,018042	 0,021546	 0,000510	 0,002357	 0,000000
Fabricação de produtos de borracha e de material plástico	 0,007028	 0,007725	 0,003647	 0,014776	 0,004940	 0,009014	 0,010948	 0,021579	 0,010040	 0,038938	 0,055694	 0,005912	 0,013147	 0,009783	 0,029821	 0,012116	 0,018268	 0,057189	 0,004032	 0,009546	 0,017877	 0,020293	 0,054719	 0,012401	 1,140463	 0,031353	 0,012315	 0,007985	 0,013670	 0,023951	 0,038296	 0,024530	 0,064341	 0,050871	 0,029574	 0,038107	 0,024646	 0,004187	 0,011079	 0,025056	 0,009839	 0,021961	 0,004607	 0,028616	 0,004703	 0,006089	 0,013032	 0,008579	 0,003854	 0,003608	 0,002692	 0,001984	 0,000739	 0,004519	 0,003461	 0,005342	 0,009599	 0,005467	 0,001184	 0,002561	 0,003072	 0,003074	 0,007500	 0,006766	 0,003964	 0,006210	 0,000000
Fabricação de produtos de minerais não-metálicos	 0,011963	 0,018295	 0,003135	 0,006802	 0,003983	 0,002678	 0,004726	 0,009254	 0,008791	 0,010949	 0,026166	 0,005502	 0,003748	 0,002179	 0,002723	 0,002686	 0,005714	 0,004169	 0,002799	 0,007035	 0,006951	 0,006703	 0,011787	 0,002483	 0,007868	 1,116053	 0,006296	 0,006456	 0,004102	 0,001618	 0,007180	 0,004784	 0,014263	 0,004408	 0,006537	 0,008642	 0,005398	 0,010280	 0,025633	 0,102063	 0,001921	 0,001722	 0,001487	 0,001361	 0,002584	 0,012229	 0,007849	 0,001947	 0,002115	 0,004254	 0,001600	 0,001139	 0,004925	 0,001128	 0,002007	 0,001621	 0,001616	 0,003150	 0,000499	 0,003677	 0,002145	 0,001916	 0,004485	 0,002170	 0,002410	 0,003820	 0,000000
Produção de ferro-gusa/ferroligas, siderurgia e tubos de aço sem costura	 0,003481	 0,005937	 0,002119	 0,013648	 0,023296	 0,008756	 0,023159	 0,008842	 0,004361	 0,007297	 0,017709	 0,003349	 0,004215	 0,003474	 0,004279	 0,006027	 0,008527	 0,006986	 0,010513	 0,004777	 0,006077	 0,009192	 0,011073	 0,003518	 0,016318	 0,016619	 1,156548	 0,043380	 0,256313	 0,008323	 0,077068	 0,116679	 0,088780	 0,138195	 0,055816	 0,032961	 0,047121	 0,008589	 0,012734	 0,050178	 0,005849	 0,008926	 0,006422	 0,003272	 0,003996	 0,004290	 0,005189	 0,003681	 0,002551	 0,003832	 0,001984	 0,001256	 0,000693	 0,001743	 0,003400	 0,002349	 0,008637	 0,003541	 0,001595	 0,003095	 0,001881	 0,002277	 0,003733	 0,003070	 0,003555	 0,003120	 0,000000
Metalurgia de metais não-ferosos e a fundição de metais	 0,002263	 0,001895	 0,000835	 0,003936	 0,002840	 0,002386	 0,011773	 0,003879	 0,002313	 0,004537	 0,003457	 0,001926	 0,002629	 0,002061	 0,002417	 0,002281	 0,007863	 0,015951	 0,001679	 0,002606	 0,007499	 0,008479	 0,004567	 0,001944	 0,004208	 0,004830	 0,016931	 1,129907	 0,020077	 0,005397	 0,095367	 0,023285	 0,021724	 0,070430	 0,027701	 0,023291	 0,035280	 0,003758	 0,005868	 0,009044	 0,003088	 0,003736	 0,003491	 0,001427	 0,002042	 0,001936	 0,001743	 0,003306	 0,001584	 0,001915	 0,001052	 0,000751	 0,000362	 0,001230	 0,001402	 0,001904	 0,002141	 0,001662	 0,000644	 0,000980	 0,000826	 0,001328	 0,001689	 0,002359	 0,002623	 0,001848	 0,000000
Fabricação de produtos de metal, exceto máquinas e equipamentos	 0,004593	 0,007352	 0,002931	 0,010405	 0,014405	 0,013393	 0,025250	 0,015294	 0,005930	 0,013388	 0,056001	 0,004961	 0,006231	 0,004710	 0,006066	 0,012980	 0,007711	 0,008399	 0,007852	 0,006832	 0,008451	 0,020504	 0,028176	 0,005093	 0,007562	 0,008420	 0,035828	 0,015757	 1,082979	 0,016001	 0,041704	 0,059941	 0,037951	 0,043878	 0,068811	 0,020299	 0,055786	 0,014126	 0,020507	 0,044335	 0,004222	 0,005252	 0,006495	 0,003061	 0,004006	 0,006882	 0,012347	 0,004062	 0,002858	 0,003656	 0,001970	 0,001331	 0,001109	 0,001758	 0,002904	 0,002535	 0,003431	 0,004377	 0,003339	 0,004238	 0,002050	 0,002254	 0,004336	 0,003336	 0,003693	 0,004218	 0,000000
Fabricação de equipamentos de informática, produtos eletrônicos e ópticos	 0,000589	 0,000653	 0,000366	 0,001756	 0,002663	 0,001204	 0,002321	 0,001263	 0,001091	 0,001281	 0,001579	 0,001105	 0,001074	 0,001223	 0,001151	 0,001069	 0,001779	 0,005295	 0,001341	 0,001193	 0,001283	 0,001576	 0,001543	 0,001490	 0,001362	 0,001706	 0,002379	 0,002198	 0,001451	 1,102261	 0,006236	 0,006423	 0,003338	 0,002909	 0,002625	 0,001584	 0,008460	 0,002178	 0,001555	 0,002209	 0,001282	 0,001124	 0,002274	 0,001553	 0,002911	 0,001120	 0,000776	 0,002344	 0,008000	 0,003097	 0,014303	 0,001912	 0,000183	 0,002358	 0,014832	 0,005024	 0,002105	 0,005924	 0,001713	 0,001535	 0,003843	 0,002188	 0,003162	 0,002406	 0,001879	 0,003933	 0,000000
Fabricação de máquinas e equipamentos elétricos	 0,002078	 0,002872	 0,001224	 0,005105	 0,003935	 0,003353	 0,006661	 0,003192	 0,002830	 0,003290	 0,003555	 0,002260	 0,004362	 0,002433	 0,002555	 0,003637	 0,004888	 0,004815	 0,002179	 0,002849	 0,004216	 0,003428	 0,003339	 0,002166	 0,004160	 0,005810	 0,006431	 0,008976	 0,004502	 0,023667	 1,098232	 0,024753	 0,011208	 0,017167	 0,011006	 0,005426	 0,034794	 0,028137	 0,008338	 0,018799	 0,002951	 0,004969	 0,005163	 0,001842	 0,003258	 0,004191	 0,001819	 0,002900	 0,003841	 0,008167	 0,001739	 0,001209	 0,001099	 0,003730	 0,003083	 0,002766	 0,002501	 0,004836	 0,000886	 0,001583	 0,001430	 0,001856	 0,002188	 0,001932	 0,003703	 0,006976	 0,000000
Fabricação de máquinas e equipamentos mecânicos	 0,001915	 0,002124	 0,001613	 0,014792	 0,026657	 0,033653	 0,054182	 0,003451	 0,003596	 0,003537	 0,005496	 0,002035	 0,003013	 0,002686	 0,002704	 0,005818	 0,006841	 0,009610	 0,011189	 0,004265	 0,004747	 0,004716	 0,004602	 0,002841	 0,005232	 0,007309	 0,016601	 0,015537	 0,009280	 0,004473	 0,016875	 1,121450	 0,018695	 0,010032	 0,014728	 0,004784	 0,121028	 0,004424	 0,006137	 0,011636	 0,003029	 0,004628	 0,019012	 0,004177	 0,006229	 0,002107	 0,002068	 0,005477	 0,001943	 0,002791	 0,001907	 0,001050	 0,000285	 0,001476	 0,002289	 0,002092	 0,003800	 0,007726	 0,001402	 0,001641	 0,001120	 0,001286	 0,003521	 0,001901	 0,002694	 0,002176	 0,000000
Fabricação de automóveis, caminhões e ônibus, exceto peças	 0,000352	 0,000431	 0,000194	 0,000526	 0,000314	 0,000379	 0,000611	 0,000714	 0,001650	 0,000812	 0,000628	 0,000453	 0,000697	 0,000515	 0,000627	 0,000540	 0,000701	 0,000561	 0,000287	 0,000531	 0,000562	 0,001074	 0,000792	 0,000671	 0,000635	 0,000631	 0,000764	 0,000821	 0,000615	 0,000872	 0,001981	 0,001486	 1,036854	 0,002420	 0,001768	 0,000602	 0,001465	 0,000647	 0,000375	 0,000666	 0,000751	 0,002700	 0,000364	 0,000221	 0,000327	 0,000302	 0,000426	 0,000441	 0,000264	 0,000333	 0,000190	 0,000102	 0,000040	 0,000162	 0,001314	 0,000292	 0,000344	 0,000214	 0,000092	 0,000175	 0,000160	 0,000321	 0,000278	 0,000342	 0,000224	 0,000302	 0,000000
Fabricação de peças e acessórios para veículos automotores	 0,002716	 0,003391	 0,001794	 0,004537	 0,003160	 0,003629	 0,006602	 0,006306	 0,005107	 0,007440	 0,006518	 0,003255	 0,004443	 0,003556	 0,005035	 0,004428	 0,005465	 0,004727	 0,002713	 0,004702	 0,004609	 0,005334	 0,006102	 0,004015	 0,006156	 0,005278	 0,007391	 0,007457	 0,006753	 0,005657	 0,009697	 0,010938	 0,240507	 1,123543	 0,007918	 0,004856	 0,010953	 0,002383	 0,002548	 0,004531	 0,017354	 0,038534	 0,003283	 0,002530	 0,002950	 0,002253	 0,003675	 0,003426	 0,001951	 0,001881	 0,001120	 0,000825	 0,000233	 0,001092	 0,003099	 0,002086	 0,005570	 0,001477	 0,000754	 0,002623	 0,002510	 0,001686	 0,003234	 0,002353	 0,001718	 0,002275	 0,000000
Fabricação de outros equipamentos de transporte, exceto veículos automotores	 0,000225	 0,000259	 0,000181	 0,000621	 0,000427	 0,000496	 0,000888	 0,000521	 0,000523	 0,000626	 0,000578	 0,000275	 0,000379	 0,000344	 0,000445	 0,000454	 0,000626	 0,000670	 0,000298	 0,000518	 0,000466	 0,000512	 0,000567	 0,000460	 0,000493	 0,000598	 0,001053	 0,000730	 0,000648	 0,000315	 0,000589	 0,001097	 0,000919	 0,000764	 1,163952	 0,000576	 0,005232	 0,000248	 0,000300	 0,000372	 0,000443	 0,004137	 0,000742	 0,000365	 0,000471	 0,000212	 0,000303	 0,000463	 0,000202	 0,000183	 0,000152	 0,000096	 0,000022	 0,000138	 0,000491	 0,000208	 0,000349	 0,000174	 0,000107	 0,000551	 0,000115	 0,000220	 0,000221	 0,000250	 0,000268	 0,000521	 0,000000
Fabricação de móveis e de produtos de indústrias diversas	 0,000577	 0,000620	 0,000506	 0,001180	 0,001140	 0,001013	 0,001489	 0,001078	 0,000887	 0,001375	 0,001981	 0,000741	 0,002042	 0,018851	 0,007872	 0,001651	 0,001389	 0,001749	 0,000710	 0,000818	 0,001638	 0,001881	 0,001833	 0,001341	 0,002793	 0,002616	 0,001376	 0,001159	 0,001410	 0,001112	 0,001689	 0,005426	 0,004222	 0,006964	 0,002456	 1,025194	 0,003315	 0,000840	 0,001545	 0,002334	 0,001024	 0,001121	 0,006391	 0,001141	 0,002083	 0,001009	 0,000707	 0,000983	 0,002254	 0,000762	 0,000968	 0,000753	 0,000260	 0,001377	 0,004552	 0,003309	 0,009182	 0,001199	 0,000750	 0,001150	 0,003430	 0,000793	 0,011226	 0,034023	 0,004143	 0,001272	 0,000000
Manutenção, reparação e instalação de máquinas e equipamentos	 0,004712	 0,004459	 0,005387	 0,040187	 0,019752	 0,017636	 0,048938	 0,009511	 0,014730	 0,008670	 0,012103	 0,006489	 0,011220	 0,011308	 0,009162	 0,019057	 0,035579	 0,057050	 0,012142	 0,019544	 0,016108	 0,016927	 0,012535	 0,012274	 0,011847	 0,033599	 0,068497	 0,045120	 0,023560	 0,005195	 0,018002	 0,022234	 0,012770	 0,021178	 0,016615	 0,015172	 1,019396	 0,011434	 0,018266	 0,012280	 0,007291	 0,007767	 0,065288	 0,020210	 0,026351	 0,004261	 0,005251	 0,033282	 0,007284	 0,007562	 0,007370	 0,003147	 0,000734	 0,006335	 0,005235	 0,008954	 0,020935	 0,007052	 0,007053	 0,003458	 0,002536	 0,003454	 0,008265	 0,006865	 0,012598	 0,007520	 0,000000
Energia elétrica, gás natural e outras utilidades	 0,050310	 0,058364	 0,020911	 0,061146	 0,009338	 0,024302	 0,049656	 0,043350	 0,030836	 0,043523	 0,030941	 0,032542	 0,076768	 0,025173	 0,030041	 0,050223	 0,064824	 0,025849	 0,008867	 0,035481	 0,072708	 0,036609	 0,028870	 0,016205	 0,053131	 0,081250	 0,074508	 0,097307	 0,040396	 0,011890	 0,036637	 0,025345	 0,027633	 0,047616	 0,025198	 0,025746	 0,018206	 1,375718	 0,078264	 0,018825	 0,025950	 0,013687	 0,011269	 0,008897	 0,017407	 0,068559	 0,021039	 0,017916	 0,020143	 0,022797	 0,009330	 0,010123	 0,002272	 0,010684	 0,009660	 0,014768	 0,009582	 0,036127	 0,005323	 0,015584	 0,015624	 0,032063	 0,019666	 0,019151	 0,029498	 0,035571	 0,000000
Água, esgoto e gestão de resíduos	 0,001785	 0,001672	 0,000761	 0,004492	 0,002102	 0,002961	 0,005825	 0,003351	 0,003249	 0,004452	 0,008105	 0,002257	 0,004246	 0,002431	 0,003127	 0,007115	 0,006465	 0,003343	 0,002470	 0,003133	 0,006538	 0,007312	 0,006560	 0,003235	 0,007089	 0,009076	 0,033117	 0,032703	 0,010470	 0,002552	 0,007665	 0,006453	 0,006384	 0,010201	 0,006491	 0,004628	 0,004138	 0,001944	 1,009185	 0,004084	 0,005215	 0,003288	 0,003154	 0,002573	 0,006999	 0,016612	 0,006421	 0,003778	 0,003698	 0,003544	 0,002513	 0,002622	 0,000795	 0,004144	 0,002357	 0,002816	 0,002750	 0,021189	 0,001821	 0,015415	 0,007197	 0,004265	 0,010435	 0,010779	 0,004586	 0,016715	 0,000000
Construção	 0,001986	 0,003170	 0,001245	 0,003305	 0,020722	 0,019726	 0,026640	 0,003619	 0,003370	 0,003718	 0,004216	 0,002615	 0,003590	 0,002382	 0,002669	 0,002490	 0,004096	 0,004409	 0,008918	 0,003930	 0,004370	 0,004038	 0,003593	 0,002912	 0,003300	 0,004047	 0,010107	 0,037857	 0,005088	 0,003425	 0,006674	 0,004732	 0,006230	 0,006607	 0,011761	 0,003394	 0,003238	 0,002703	 0,094114	 1,108622	 0,004802	 0,005568	 0,005151	 0,004431	 0,016951	 0,017590	 0,004325	 0,003926	 0,011831	 0,036942	 0,011721	 0,006511	 0,004308	 0,004223	 0,013743	 0,006899	 0,007584	 0,017373	 0,001786	 0,023276	 0,007165	 0,008662	 0,024013	 0,002906	 0,006763	 0,008859	 0,000000
Comércio por atacado e varejo	 0,068516	 0,094624	 0,034479	 0,075629	 0,039703	 0,050037	 0,093287	 0,153518	 0,070294	 0,154159	 0,104226	 0,094939	 0,114159	 0,112370	 0,128747	 0,106118	 0,141399	 0,114995	 0,056636	 0,086459	 0,098389	 0,120733	 0,122228	 0,086242	 0,123216	 0,118759	 0,115390	 0,161094	 0,106465	 0,104216	 0,145846	 0,146721	 0,131642	 0,132260	 0,124734	 0,127054	 0,120296	 0,033996	 0,052717	 0,085482	 1,041784	 0,086965	 0,052430	 0,043642	 0,030971	 0,048094	 0,096257	 0,096546	 0,047811	 0,055778	 0,026423	 0,017236	 0,005257	 0,021888	 0,034400	 0,065085	 0,053211	 0,031123	 0,017354	 0,021653	 0,028963	 0,030022	 0,059404	 0,092344	 0,030378	 0,040384	 0,000000
Transporte terrestre	 0,040269	 0,046119	 0,032284	 0,063313	 0,039307	 0,044523	 0,069347	 0,096661	 0,098521	 0,125269	 0,092885	 0,043308	 0,059084	 0,041430	 0,066812	 0,063406	 0,072687	 0,040154	 0,037139	 0,085280	 0,072633	 0,070803	 0,083013	 0,062587	 0,062751	 0,068472	 0,099579	 0,064727	 0,067162	 0,041760	 0,058134	 0,052005	 0,062867	 0,058585	 0,047893	 0,048190	 0,031677	 0,026195	 0,021705	 0,032859	 0,044057	 1,123391	 0,036004	 0,024193	 0,053301	 0,027346	 0,049228	 0,039014	 0,024106	 0,014531	 0,010830	 0,010426	 0,002046	 0,012167	 0,022914	 0,020789	 0,021443	 0,012068	 0,008157	 0,011825	 0,014745	 0,021869	 0,020838	 0,016515	 0,015124	 0,034896	 0,000000
Transporte aquaviário	 0,001276	 0,001058	 0,000489	 0,001262	 0,017266	 0,000657	 0,002142	 0,004251	 0,002282	 0,002922	 0,001158	 0,001365	 0,001588	 0,000874	 0,001382	 0,003886	 0,010371	 0,001958	 0,009311	 0,001498	 0,006108	 0,002064	 0,002483	 0,000763	 0,002046	 0,002277	 0,003581	 0,003374	 0,001697	 0,001347	 0,001695	 0,002117	 0,001744	 0,001827	 0,003179	 0,001160	 0,000904	 0,001110	 0,000706	 0,000892	 0,001037	 0,003517	 1,043347	 0,001031	 0,000865	 0,000638	 0,000990	 0,000835	 0,000471	 0,000348	 0,000317	 0,000233	 0,000055	 0,000304	 0,000395	 0,000518	 0,000528	 0,001014	 0,000237	 0,000279	 0,000266	 0,000379	 0,000376	 0,000391	 0,000493	 0,000524	 0,000000
Transporte aéreo	 0,001300	 0,001224	 0,000688	 0,002181	 0,008462	 0,001304	 0,003739	 0,002832	 0,001886	 0,002884	 0,002812	 0,003474	 0,002445	 0,001798	 0,003040	 0,002544	 0,003223	 0,002893	 0,003912	 0,001900	 0,003754	 0,005375	 0,002501	 0,003427	 0,002350	 0,003022	 0,002759	 0,002488	 0,002100	 0,004958	 0,003879	 0,003086	 0,003323	 0,002894	 0,002296	 0,001990	 0,002031	 0,003275	 0,001977	 0,003408	 0,003544	 0,002553	 0,007751	 1,002096	 0,008053	 0,003707	 0,001465	 0,002541	 0,005639	 0,003991	 0,005591	 0,005623	 0,000367	 0,005070	 0,005109	 0,008122	 0,002788	 0,002812	 0,001323	 0,002558	 0,001654	 0,017856	 0,003132	 0,001557	 0,003372	 0,058521	 0,000000
Armazenamento, atividades auxiliares dos transportes e correio	 0,008253	 0,006510	 0,004943	 0,008340	 0,021043	 0,022459	 0,032705	 0,020172	 0,035487	 0,023229	 0,033522	 0,009449	 0,011751	 0,007333	 0,012344	 0,012837	 0,025019	 0,016595	 0,014836	 0,025758	 0,015908	 0,021039	 0,018882	 0,014687	 0,010575	 0,011357	 0,033366	 0,014446	 0,019179	 0,015124	 0,020617	 0,011940	 0,027266	 0,016736	 0,016107	 0,010753	 0,008483	 0,007183	 0,004423	 0,007072	 0,014604	 0,030125	 0,141345	 0,082029	 1,038453	 0,007503	 0,009845	 0,009784	 0,006744	 0,008481	 0,004085	 0,013338	 0,001209	 0,005955	 0,006740	 0,008489	 0,008865	 0,007114	 0,003795	 0,008541	 0,003325	 0,009440	 0,005953	 0,005507	 0,005213	 0,020077	 0,000000
Alojamento	 0,000511	 0,000581	 0,000343	 0,001059	 0,001161	 0,000931	 0,001467	 0,001477	 0,000966	 0,001496	 0,001323	 0,001757	 0,001117	 0,000836	 0,001226	 0,000829	 0,001496	 0,001178	 0,000737	 0,000952	 0,001300	 0,002009	 0,001476	 0,002323	 0,001388	 0,001310	 0,001742	 0,001295	 0,001655	 0,001614	 0,001844	 0,002235	 0,001462	 0,001472	 0,001618	 0,001416	 0,001172	 0,001011	 0,000752	 0,001836	 0,001847	 0,001007	 0,000935	 0,002002	 0,001716	 1,000643	 0,000684	 0,002910	 0,003124	 0,001759	 0,002614	 0,001568	 0,000152	 0,001244	 0,002600	 0,002421	 0,002187	 0,000954	 0,000899	 0,002756	 0,001544	 0,002479	 0,002201	 0,000806	 0,002529	 0,031710	 0,000000
Alimentação	 0,000764	 0,000850	 0,000531	 0,001509	 0,001911	 0,000812	 0,001771	 0,001416	 0,001204	 0,001976	 0,001734	 0,001460	 0,001395	 0,001027	 0,001246	 0,001019	 0,001602	 0,001771	 0,001162	 0,001253	 0,001794	 0,002966	 0,001646	 0,004231	 0,001418	 0,001388	 0,001586	 0,002253	 0,001393	 0,001425	 0,001652	 0,001744	 0,002845	 0,001413	 0,001153	 0,001055	 0,001651	 0,001875	 0,001078	 0,000934	 0,001689	 0,001138	 0,001533	 0,026145	 0,001918	 0,008417	 1,000985	 0,001565	 0,008961	 0,003366	 0,001506	 0,006032	 0,000347	 0,005915	 0,001275	 0,005823	 0,001209	 0,005414	 0,000815	 0,014342	 0,007371	 0,003371	 0,027913	 0,014967	 0,002572	 0,052267	 0,000000
Edição e edição integrada à impressão	 0,000655	 0,000749	 0,000385	 0,000929	 0,000752	 0,000552	 0,000894	 0,001399	 0,000993	 0,001569	 0,003913	 0,001916	 0,001043	 0,000898	 0,001684	 0,000750	 0,001513	 0,006774	 0,000639	 0,001017	 0,002547	 0,001628	 0,002287	 0,002083	 0,001271	 0,001070	 0,001050	 0,001028	 0,000962	 0,001549	 0,001456	 0,000982	 0,001858	 0,001007	 0,001035	 0,000934	 0,000900	 0,001658	 0,000885	 0,000739	 0,002046	 0,000821	 0,000908	 0,001127	 0,001194	 0,004033	 0,001108	 1,010665	 0,004131	 0,003459	 0,002032	 0,006435	 0,000429	 0,004022	 0,002858	 0,042392	 0,002246	 0,001665	 0,000684	 0,002581	 0,011671	 0,026055	 0,001121	 0,001647	 0,002967	 0,003453	 0,000000
Atividades de televisão, rádio, cinema e  gravação/edição de som e imagem	 0,001850	 0,003795	 0,001870	 0,003595	 0,003089	 0,001691	 0,002898	 0,007787	 0,003809	 0,008771	 0,031001	 0,012743	 0,003896	 0,004872	 0,011554	 0,002859	 0,006519	 0,004994	 0,002484	 0,003851	 0,003354	 0,006794	 0,015507	 0,014706	 0,005082	 0,004503	 0,003913	 0,003546	 0,004453	 0,009405	 0,007717	 0,004548	 0,012875	 0,004372	 0,005632	 0,004697	 0,003025	 0,006837	 0,003519	 0,003603	 0,008633	 0,003235	 0,003564	 0,005320	 0,005950	 0,007882	 0,006875	 0,020906	 1,120156	 0,037677	 0,007612	 0,011655	 0,001181	 0,011752	 0,004326	 0,424573	 0,010833	 0,005126	 0,003369	 0,004440	 0,002620	 0,012820	 0,004682	 0,002622	 0,018307	 0,007915	 0,000000
Telecomunicações	 0,004279	 0,005083	 0,002607	 0,009097	 0,009934	 0,005592	 0,010048	 0,013127	 0,012500	 0,017549	 0,021856	 0,009921	 0,016059	 0,021157	 0,015557	 0,009801	 0,016162	 0,037266	 0,007733	 0,012261	 0,010520	 0,015858	 0,010609	 0,014048	 0,013140	 0,016172	 0,010437	 0,009968	 0,012509	 0,019468	 0,018969	 0,013724	 0,027104	 0,032316	 0,015433	 0,016219	 0,008319	 0,007948	 0,009679	 0,008627	 0,016604	 0,011107	 0,010106	 0,009322	 0,017191	 0,021104	 0,010797	 0,019757	 0,023716	 1,226068	 0,019238	 0,030001	 0,002825	 0,023136	 0,012838	 0,042108	 0,008839	 0,015739	 0,013116	 0,014340	 0,009452	 0,022601	 0,009752	 0,013249	 0,014636	 0,022775	 0,000000
Desenvolvimento de sistemas e outros serviços de informação	 0,002636	 0,003087	 0,001409	 0,003979	 0,003266	 0,004812	 0,005753	 0,006852	 0,004122	 0,008405	 0,007571	 0,007276	 0,004988	 0,004048	 0,004871	 0,003526	 0,006782	 0,004489	 0,002826	 0,004191	 0,006755	 0,008688	 0,006049	 0,010599	 0,005632	 0,005250	 0,006379	 0,005151	 0,004830	 0,006501	 0,009351	 0,005388	 0,009843	 0,005681	 0,005509	 0,004784	 0,004045	 0,007223	 0,006222	 0,003735	 0,009490	 0,005915	 0,004184	 0,026814	 0,011157	 0,006414	 0,003591	 0,029791	 0,027244	 0,022810	 1,055039	 0,026740	 0,001605	 0,014219	 0,003834	 0,038163	 0,011405	 0,006708	 0,005225	 0,016132	 0,006057	 0,008305	 0,013502	 0,002903	 0,006857	 0,012418	 0,000000
Intermediação financeira, seguros e previdência complementar	 0,032335	 0,032635	 0,019893	 0,051083	 0,034924	 0,037505	 0,054387	 0,057094	 0,059620	 0,054736	 0,049496	 0,052514	 0,046960	 0,036535	 0,045791	 0,039446	 0,057098	 0,040702	 0,033163	 0,058666	 0,052635	 0,050033	 0,050011	 0,034217	 0,046439	 0,050142	 0,059394	 0,055386	 0,045421	 0,036237	 0,050487	 0,043596	 0,048192	 0,043823	 0,045440	 0,035123	 0,028430	 0,046296	 0,032538	 0,034791	 0,040687	 0,046333	 0,049734	 0,052548	 0,043280	 0,041383	 0,033310	 0,041455	 0,045422	 0,057825	 0,027838	 1,149375	 0,030870	 0,033973	 0,030480	 0,035305	 0,041229	 0,032207	 0,029958	 0,090452	 0,008607	 0,028440	 0,014120	 0,041793	 0,044133	 0,038825	 0,000000
Atividades imobiliárias	 0,003496	 0,004326	 0,002014	 0,006112	 0,005157	 0,003650	 0,006839	 0,009200	 0,007534	 0,009244	 0,008150	 0,007467	 0,011231	 0,010524	 0,008664	 0,005725	 0,008841	 0,007913	 0,004791	 0,008552	 0,006889	 0,008771	 0,010407	 0,009296	 0,009177	 0,008101	 0,008654	 0,007743	 0,007435	 0,007369	 0,008833	 0,008004	 0,008211	 0,008637	 0,007007	 0,008043	 0,005817	 0,006886	 0,007561	 0,006157	 0,029429	 0,007829	 0,009562	 0,008835	 0,020611	 0,037093	 0,018997	 0,015614	 0,020549	 0,019306	 0,012104	 0,014314	 1,003346	 0,021654	 0,012345	 0,018282	 0,018799	 0,013572	 0,007550	 0,006561	 0,004477	 0,036797	 0,006452	 0,012082	 0,074299	 0,019296	 0,000000
Atividades jurídicas, contábeis, consultoria e sedes de empresas 	 0,015450	 0,015105	 0,007156	 0,048049	 0,055492	 0,021953	 0,034169	 0,038058	 0,032032	 0,050541	 0,039738	 0,065280	 0,025954	 0,015931	 0,022701	 0,019708	 0,041626	 0,023508	 0,044767	 0,033349	 0,051995	 0,088946	 0,058528	 0,089713	 0,035985	 0,042965	 0,031773	 0,033881	 0,024537	 0,043666	 0,061685	 0,026876	 0,033024	 0,029719	 0,020586	 0,020963	 0,019192	 0,015044	 0,027841	 0,022509	 0,032366	 0,023680	 0,017040	 0,026836	 0,026255	 0,019021	 0,017265	 0,034596	 0,071056	 0,030709	 0,025986	 0,038378	 0,005632	 1,083703	 0,065257	 0,036398	 0,027906	 0,024642	 0,032447	 0,011474	 0,005775	 0,027670	 0,011118	 0,018224	 0,032035	 0,034069	 0,000000
Serviços de arquitetura, engenharia, testes/análises técnicas e P & D	 0,005793	 0,003884	 0,001377	 0,007756	 0,018169	 0,007848	 0,014789	 0,009930	 0,012318	 0,010067	 0,008705	 0,013693	 0,008791	 0,005709	 0,007455	 0,004832	 0,012455	 0,006611	 0,009339	 0,012129	 0,011457	 0,015817	 0,017380	 0,019828	 0,014716	 0,012313	 0,010626	 0,012185	 0,009362	 0,011375	 0,011177	 0,017767	 0,017980	 0,014229	 0,008243	 0,007058	 0,007177	 0,018783	 0,013118	 0,012441	 0,004009	 0,006252	 0,009406	 0,005399	 0,046776	 0,003377	 0,003198	 0,002566	 0,001819	 0,002088	 0,004555	 0,003132	 0,000390	 0,001253	 1,047984	 0,001874	 0,003831	 0,002299	 0,000756	 0,010742	 0,004744	 0,003405	 0,008787	 0,002100	 0,002079	 0,002842	 0,000000
Outras atividades profissionais, científicas e técnicas	 0,004271	 0,008993	 0,004436	 0,008307	 0,007061	 0,003831	 0,006536	 0,018352	 0,008669	 0,020551	 0,075036	 0,030741	 0,008664	 0,010814	 0,027510	 0,006440	 0,015086	 0,010307	 0,005687	 0,008776	 0,007626	 0,015795	 0,037481	 0,035369	 0,011719	 0,010151	 0,008992	 0,008071	 0,010221	 0,022052	 0,017887	 0,010356	 0,030178	 0,009013	 0,012959	 0,010617	 0,006910	 0,016373	 0,008113	 0,008346	 0,020324	 0,007303	 0,008207	 0,012562	 0,013714	 0,017699	 0,016264	 0,049009	 0,058514	 0,031506	 0,017670	 0,027097	 0,002754	 0,027693	 0,009948	 1,041913	 0,026125	 0,011511	 0,007346	 0,010158	 0,005913	 0,030291	 0,010951	 0,005689	 0,039212	 0,018202	 0,000000
Aluguéis não-imobiliários e gestão de ativos de propriedade intelectual	 0,002177	 0,002101	 0,002964	 0,008517	 0,010678	 0,003725	 0,011531	 0,003845	 0,006428	 0,005348	 0,006221	 0,003528	 0,003236	 0,002636	 0,003257	 0,004660	 0,008140	 0,008021	 0,005738	 0,004094	 0,004514	 0,006237	 0,004379	 0,003741	 0,004477	 0,005815	 0,007925	 0,007315	 0,006116	 0,003920	 0,004749	 0,005181	 0,005476	 0,005631	 0,006179	 0,003987	 0,004838	 0,003778	 0,016252	 0,005784	 0,004794	 0,008657	 0,026345	 0,037528	 0,010758	 0,004613	 0,003331	 0,009472	 0,009963	 0,016708	 0,006541	 0,003267	 0,000506	 0,003469	 0,008435	 0,006835	 1,008795	 0,004419	 0,005367	 0,006237	 0,005750	 0,016440	 0,010914	 0,003934	 0,007633	 0,004853	 0,000000
Outras atividades administrativas e serviços complementares	 0,006729	 0,007681	 0,004288	 0,036116	 0,010474	 0,010428	 0,019294	 0,014651	 0,017863	 0,017397	 0,028248	 0,018138	 0,014525	 0,011069	 0,015134	 0,009922	 0,020144	 0,013964	 0,008801	 0,019240	 0,014556	 0,023905	 0,020448	 0,024257	 0,016933	 0,021672	 0,016842	 0,021201	 0,015709	 0,018035	 0,021640	 0,021776	 0,020942	 0,017220	 0,014323	 0,012757	 0,013493	 0,020022	 0,013239	 0,012797	 0,031486	 0,014695	 0,018879	 0,038079	 0,033766	 0,042736	 0,016726	 0,023912	 0,033467	 0,094116	 0,049192	 0,048263	 0,004276	 0,024589	 0,015293	 0,026611	 0,020185	 1,031805	 0,014206	 0,034110	 0,040607	 0,039813	 0,061170	 0,024002	 0,029581	 0,041755	 0,000000
Atividades de vigilância, segurança e investigação	 0,001696	 0,001793	 0,000947	 0,002725	 0,002346	 0,002416	 0,003824	 0,004146	 0,004945	 0,004389	 0,004911	 0,010998	 0,003163	 0,002355	 0,003544	 0,003505	 0,007518	 0,003633	 0,002200	 0,002810	 0,004354	 0,005724	 0,004123	 0,005502	 0,004508	 0,007162	 0,004118	 0,004178	 0,004207	 0,003945	 0,004294	 0,004341	 0,006404	 0,005480	 0,004554	 0,002964	 0,003919	 0,002785	 0,008609	 0,003345	 0,005984	 0,006433	 0,005984	 0,009596	 0,022615	 0,005374	 0,004122	 0,004360	 0,009243	 0,006112	 0,004367	 0,012996	 0,000820	 0,005376	 0,001863	 0,006316	 0,004053	 0,004396	 1,002082	 0,007412	 0,007911	 0,014195	 0,008866	 0,001663	 0,005379	 0,002657	 0,000000
Administração pública, defesa e seguridade social	 0,002284	 0,002821	 0,001200	 0,003759	 0,003948	 0,002743	 0,004310	 0,005020	 0,004178	 0,007392	 0,011047	 0,008241	 0,003217	 0,002465	 0,004657	 0,003095	 0,005232	 0,003014	 0,002986	 0,004056	 0,006088	 0,007485	 0,008417	 0,008474	 0,004220	 0,004321	 0,005411	 0,004869	 0,003825	 0,004955	 0,005666	 0,003779	 0,006506	 0,003915	 0,003500	 0,002896	 0,002576	 0,003961	 0,003228	 0,002604	 0,004399	 0,003191	 0,007088	 0,005850	 0,004934	 0,004228	 0,003420	 0,006926	 0,010385	 0,005431	 0,003719	 0,004901	 0,000603	 0,006373	 0,007619	 0,007500	 0,004443	 0,003499	 0,002223	 1,002934	 0,001981	 0,005968	 0,003040	 0,002566	 0,006980	 0,006236	 0,000000
Educação pública	 0,000136	 0,000140	 0,000048	 0,000315	 0,000272	 0,000365	 0,000267	 0,000262	 0,000223	 0,000339	 0,000348	 0,000403	 0,000259	 0,000169	 0,000207	 0,000129	 0,000297	 0,000188	 0,000181	 0,000219	 0,000360	 0,000748	 0,001068	 0,001462	 0,000403	 0,000298	 0,000449	 0,000479	 0,000304	 0,000739	 0,000497	 0,000404	 0,000940	 0,000593	 0,000344	 0,000185	 0,000191	 0,000322	 0,000219	 0,000205	 0,000238	 0,000185	 0,000225	 0,000207	 0,000471	 0,000228	 0,000141	 0,000192	 0,000243	 0,000504	 0,000519	 0,000292	 0,000027	 0,000359	 0,004895	 0,000239	 0,000409	 0,000237	 0,000151	 0,000219	 1,000229	 0,000919	 0,000325	 0,000199	 0,000215	 0,000286	 0,000000
Educação privada	 0,000610	 0,000652	 0,000341	 0,001438	 0,001400	 0,001989	 0,002537	 0,001343	 0,001197	 0,001642	 0,001685	 0,001536	 0,000983	 0,000693	 0,001013	 0,000811	 0,001866	 0,000922	 0,001065	 0,001172	 0,001411	 0,002272	 0,001715	 0,001926	 0,001199	 0,001301	 0,003107	 0,002581	 0,001906	 0,001220	 0,001747	 0,001451	 0,001989	 0,001414	 0,001023	 0,000877	 0,000928	 0,001218	 0,000838	 0,000843	 0,001596	 0,003567	 0,005452	 0,001587	 0,003115	 0,001008	 0,000773	 0,001199	 0,001662	 0,001892	 0,000957	 0,004417	 0,000220	 0,012894	 0,003696	 0,005881	 0,002169	 0,007612	 0,004007	 0,001598	 0,006134	 1,001112	 0,004035	 0,000715	 0,001046	 0,003133	 0,000000
Saúde pública	 0,000008	 0,000008	 0,000002	 0,000011	 0,000013	 0,000027	 0,000012	 0,000012	 0,000011	 0,000019	 0,000018	 0,000021	 0,000016	 0,000010	 0,000011	 0,000006	 0,000016	 0,000010	 0,000007	 0,000011	 0,000021	 0,000052	 0,000087	 0,000120	 0,000028	 0,000015	 0,000031	 0,000032	 0,000019	 0,000059	 0,000031	 0,000026	 0,000078	 0,000046	 0,000025	 0,000010	 0,000011	 0,000021	 0,000012	 0,000011	 0,000008	 0,000007	 0,000008	 0,000007	 0,000026	 0,000006	 0,000006	 0,000006	 0,000006	 0,000016	 0,000033	 0,000005	 0,000001	 0,000005	 0,000454	 0,000006	 0,000028	 0,000006	 0,000002	 0,000010	 0,000005	 0,000075	 1,000012	 0,002418	 0,000006	 0,000006	 0,000000
Saúde privada	 0,000044	 0,000055	 0,000025	 0,000077	 0,000065	 0,000047	 0,000086	 0,000116	 0,000095	 0,000117	 0,000103	 0,000095	 0,000141	 0,000132	 0,000109	 0,000072	 0,000111	 0,000099	 0,000060	 0,000107	 0,000087	 0,000112	 0,000133	 0,000121	 0,000116	 0,000102	 0,000110	 0,000098	 0,000094	 0,000094	 0,000112	 0,000101	 0,000106	 0,000110	 0,000089	 0,000101	 0,000073	 0,000087	 0,000095	 0,000077	 0,000368	 0,000098	 0,000120	 0,000111	 0,000258	 0,000464	 0,000238	 0,000196	 0,000258	 0,000242	 0,000152	 0,000179	 0,000042	 0,000271	 0,000169	 0,000229	 0,000236	 0,000170	 0,000095	 0,000188	 0,000070	 0,000462	 0,000165	 1,112516	 0,000928	 0,000242	 0,000000
Atividades artísticas, criativas e de espetáculos	 0,000244	 0,000474	 0,000237	 0,000475	 0,000411	 0,000244	 0,000411	 0,000967	 0,000500	 0,001090	 0,003664	 0,001532	 0,000520	 0,000635	 0,001406	 0,000389	 0,000832	 0,000679	 0,000326	 0,000503	 0,000445	 0,000858	 0,001858	 0,001766	 0,000657	 0,000595	 0,000519	 0,000482	 0,000584	 0,001187	 0,000980	 0,000601	 0,001579	 0,000601	 0,000718	 0,000612	 0,000395	 0,000841	 0,000441	 0,000458	 0,001068	 0,000429	 0,000464	 0,000663	 0,000816	 0,001638	 0,000846	 0,002464	 0,065643	 0,005904	 0,000995	 0,001440	 0,000146	 0,001428	 0,000551	 0,026127	 0,001305	 0,000795	 0,000420	 0,001589	 0,000651	 0,001577	 0,000986	 0,000441	 1,024864	 0,009588	 0,000000
Organizações associativas e outros serviços pessoais	 0,001518	 0,001526	 0,001318	 0,003561	 0,003652	 0,003524	 0,005229	 0,002934	 0,003416	 0,003221	 0,004303	 0,002964	 0,003360	 0,003257	 0,003479	 0,003259	 0,003835	 0,004710	 0,002480	 0,003052	 0,002739	 0,003161	 0,003309	 0,003250	 0,003532	 0,003819	 0,003557	 0,003484	 0,003948	 0,006677	 0,004498	 0,003730	 0,004178	 0,004099	 0,003103	 0,003249	 0,001687	 0,003629	 0,001251	 0,001678	 0,003438	 0,003008	 0,002806	 0,002381	 0,010737	 0,006198	 0,002164	 0,004110	 0,005990	 0,026441	 0,009280	 0,005464	 0,000480	 0,003486	 0,002010	 0,007221	 0,003001	 0,006295	 0,001720	 0,002217	 0,001272	 0,005605	 0,009154	 0,011917	 0,001779	 1,003616	 0,000000
Serviços domésticos	 0,000000	 0,000000	 0,000000	 0,000000	 0,000000	 0,000000	 0,000000	 0,000000	 0,000000	 0,000000	 0,000000	 0,000000	 0,000000	 0,000000	 0,000000	 0,000000	 0,000000	 0,000000	 0,000000	 0,000000	 0,000000	 0,000000	 0,000000	 0,000000	 0,000000	 0,000000	 0,000000	 0,000000	 0,000000	 0,000000	 0,000000	 0,000000	 0,000000	 0,000000	 0,000000	 0,000000	 0,000000	 0,000000	 0,000000	 0,000000	 0,000000	 0,000000	 0,000000	 0,000000	 0,000000	 0,000000	 0,000000	 0,000000	 0,000000	 0,000000	 0,000000	 0,000000	 0,000000	 0,000000	 0,000000	 0,000000	 0,000000	 0,000000	 0,000000	 0,000000	 0,000000	 0,000000	 0,000000	 0,000000	 0,000000	 0,000000	 1,000000
